Name,Full name,Description,Location,Coordinates,URL,Version,DNSSEC validation,No logs,Namecoin,Resolver address,Provider name,Provider public key,Provider public key TXT record
acsacsar-ams-ipv4,acsacsar-ams-ipv4,"Public non-censoring, non-logging, DNSSEC-capable, DNSCrypt-enabled DNS resolver hosted on Scaleway by @acsacsar (twitter)",,,,2,yes,yes,no,51.158.166.97,2.dnscrypt-cert.acsacsar-ams.com,0327:F3CF:927E:995F:46FB:2381:E07C:1C76:4EF2:5F5D:8442:CE48:BDAE:E457:7A06:B651,
acsacsar-ams-ipv6,acsacsar-ams-ipv6,"Public non-censoring, non-logging, DNSSEC-capable, DNSCrypt-enabled DNS resolver hosted on Scaleway by @acsacsar (twitter)",,,,2,yes,yes,no,[2001:bc8:1824:738::1],2.dnscrypt-cert.acsacsar-ams.com,0327:F3CF:927E:995F:46FB:2381:E07C:1C76:4EF2:5F5D:8442:CE48:BDAE:E457:7A06:B651,
adguard-dns,adguard-dns,Remove ads and protect your computer from malware,,,,2,no,yes,no,176.103.130.130:5443,2.dnscrypt.default.ns1.adguard.com,D12B:47F2:52DC:F2C2:BBF8:9910:86EA:F79C:E449:5D8B:16C8:A0C4:322E:52CA:3F39:0873,
adguard-dns-family,adguard-dns-family,Adguard DNS with safesearch and adult content blocking,,,,2,no,yes,no,176.103.130.132:5443,2.dnscrypt.family.ns1.adguard.com,B831:5DD7:B14B:6EE3:20A4:70DC:2ED6:B1AA:398C:C9E5:86F8:5D45:45D6:B8C9:B500:5ABA,
adguard-dns-family-ipv6,adguard-dns-family-ipv6,Adguard DNS with safesearch and adult content blocking,,,,2,yes,yes,no,[2a00:5a60::bad2:0ff]:5443,2.dnscrypt.family.ns2.adguard.com,8C21:17A9:EBC1:57D6:FB64:056F:0ADB:C11C:5D83:6734:73C4:6E25:8D9B:2F57:D4EE:351F,
adguard-dns-ipv6,adguard-dns-ipv6,Remove ads and protect your computer from malware,,,,2,yes,yes,no,[2a00:5a60::ad2:0ff]:5443,2.dnscrypt.default.ns2.adguard.com,81D0:02D3:6A4C:A50C:473B:7479:650F:E12E:02B3:21CB:6138:562A:208E:403D:FDC5:5E94,
adguard-dns-unfiltered,adguard-dns-unfiltered,AdGuard public DNS servers without filters,,,,2,yes,yes,no,176.103.130.136:5443,2.dnscrypt.unfiltered.ns1.adguard.com,B5E8:44D6:B83A:3E3E:1268:EB68:1FBE:A70D:E3C5:FA68:DBD6:8814:1DBF:2EC0:66B2:DAFA,
ams-dnscrypt-nl,ams-dnscrypt-nl,"Resolver in Amsterdam. Dnscrypt protocol. Non-logging, non-filtering, DNSSEC.",,,,2,yes,yes,no,51.15.124.208:4343,2.dnscrypt-cert.ams-dnscrypt-nl,BC13:88F5:763E:3DEC:75F1:C90F:C915:BFB6:8AEA:DFEB:1C45:F698:5180:639C:60E7:F162,
ams-dnscrypt-nl-ipv6,ams-dnscrypt-nl-ipv6,"Resolver in Amsterdam. Dnscrypt protocol. Non-logging, non-filtering, DNSSEC.",,,,2,yes,yes,no,[2001:bc8:1830:2018::1]:4343,2.dnscrypt-cert.ams-dnscrypt-nl,BC13:88F5:763E:3DEC:75F1:C90F:C915:BFB6:8AEA:DFEB:1C45:F698:5180:639C:60E7:F162,
arapurayil-dnscrypt-in-ipv4,arapurayil-dnscrypt-in-ipv4,"DNSCrypt v2 server(ipv4). Also supports DoH,DoT,DoQ protocols. Located in Mumbai, India. Visit https://www.dns.arapurayil.com for details.",,,,2,yes,yes,no,3.7.176.123:8443,2.dnscrypt-cert.arapurayil-in,8325:E370:4071:5057:9073:63B9:15A0:7369:D896:0BAB:C4E8:D4D3:40FF:3821:8F97:7E5F,
arapurayil-dnscrypt-in-ipv6,arapurayil-dnscrypt-in-ipv6,"DNSCrypt v2 server(ipv6). Also supports DoH,DoT,DoQ protocols. Located in Mumbai, India.  Visit https://www.dns.arapurayil.com for details.",,,,2,yes,yes,no,[2406:da1a:c59:ae00:20f:dbf5:a12c:5afb]:8443,2.dnscrypt-cert.arapurayil-in,8325:E370:4071:5057:9073:63B9:15A0:7369:D896:0BAB:C4E8:D4D3:40FF:3821:8F97:7E5F,
arvind-io,arvind-io,Public resolver by EnKrypt (https://arvind.io).,,,,2,yes,yes,no,206.189.142.179:5353,2.dnscrypt-cert.arvind.io,8E46:27C7:3883:A851:0308:21BA:5AE7:E5D0:41F4:AAEF:95B7:8290:16CB:651D:87C3:28C9,
bcn-dnscrypt,bcn-dnscrypt,"Resolver in Barcelona, Spain. DNSCrypt protocol. Non-logging, non-filtering, DNSSEC.",,,,2,yes,yes,no,185.253.154.66:4343,2.dnscrypt-cert.bcn-dnscrypt,FC89:435A:1169:D6D2:F557:2717:54ED:D04C:4890:20A1:BFD4:EC06:E2D3:5300:3FA7:2E3D,
captnemo-in,captnemo-in,Server running out of a Digital Ocean droplet in BLR1 region.,,,,2,no,no,no,139.59.48.222:4434,2.dnscrypt-cert.captnemo.in,053A:DFF2:C5A3:2916:D81A:D88A:6779:2C30:2BAA:D5D2:8032:95E8:5A9B:D22F:8687:1E10,
cisco,cisco,Remove your DNS blind spot (DNSCrypt protocol),,,,1,yes,no,no,208.67.220.220,2.dnscrypt-cert.opendns.com,B735:1140:206F:225D:3E2B:D822:D7FD:691E:A1C3:3CC8:D666:8D0C:BE04:BFAB:CA43:FB79,
cisco-familyshield,cisco-familyshield,Block websites not suitable for children (DNSCrypt protocol),,,,1,yes,no,no,208.67.220.123,2.dnscrypt-cert.opendns.com,B735:1140:206F:225D:3E2B:D822:D7FD:691E:A1C3:3CC8:D666:8D0C:BE04:BFAB:CA43:FB79,
cisco-familyshield-ipv6,cisco-familyshield-ipv6,Block websites not suitable for children (IPv6),,,,1,yes,no,no,[2620:119:35::35],2.dnscrypt-cert.opendns.com,B735:1140:206F:225D:3E2B:D822:D7FD:691E:A1C3:3CC8:D666:8D0C:BE04:BFAB:CA43:FB79,
cisco-ipv6,cisco-ipv6,Cisco OpenDNS over IPv6 (DNSCrypt protocol),,,,1,yes,no,no,[2620:0:ccc::2],2.dnscrypt-cert.opendns.com,B735:1140:206F:225D:3E2B:D822:D7FD:691E:A1C3:3CC8:D666:8D0C:BE04:BFAB:CA43:FB79,
cleanbrowsing-adult,cleanbrowsing-adult,"Blocks access to all adult, pornographic and explicit sites. It does",,,,2,yes,yes,no,185.228.168.10:8443,cleanbrowsing.org,BCAC:32FA:D543:6917:1F08:32D6:0750:27C3:208C:EEF0:E8E9:9F94:18DC:7760:65D4:8F29,
cleanbrowsing-adult-ipv6,cleanbrowsing-adult-ipv6,"Blocks access to all adult, pornographic and explicit sites. It does",,,,2,yes,yes,no,[2a0d:2a00:1::1]:8443,cleanbrowsing.org,BCAC:32FA:D543:6917:1F08:32D6:0750:27C3:208C:EEF0:E8E9:9F94:18DC:7760:65D4:8F29,
cleanbrowsing-family,cleanbrowsing-family,"Blocks access to all adult, pornographic and explicit sites. It also",,,,2,yes,yes,no,185.228.168.168:8443,cleanbrowsing.org,BCAC:32FA:D543:6917:1F08:32D6:0750:27C3:208C:EEF0:E8E9:9F94:18DC:7760:65D4:8F29,
cleanbrowsing-family-ipv6,cleanbrowsing-family-ipv6,"Blocks access to all adult, pornographic and explicit sites. It also",,,,2,yes,yes,no,[2a0d:2a00:1::]:8443,cleanbrowsing.org,BCAC:32FA:D543:6917:1F08:32D6:0750:27C3:208C:EEF0:E8E9:9F94:18DC:7760:65D4:8F29,
cleanbrowsing-security,cleanbrowsing-security,"Block access to phishing, malware and malicious domains. It does not block adult content.",,,,2,yes,yes,no,185.228.168.9:8443,cleanbrowsing.org,BCAC:32FA:D543:6917:1F08:32D6:0750:27C3:208C:EEF0:E8E9:9F94:18DC:7760:65D4:8F29,
comodo-02,comodo-02,Comodo Dome Shield (anycast) - https://cdome.comodo.com/shield/,,,,2,yes,no,no,8.20.247.2,2.dnscrypt-cert.shield-2.dnsbycomodo.com,D2C2:54AA:961C:1ECA:1799:96F5:5FBC:801F:0836:C723:79AB:527E:CDA8:861B:E0E0:B3B0,
comss.one,comss.one,DNS server in Lithuania filtering phishing and ads.,,,,2,yes,yes,no,94.176.233.93,2.dnscrypt-cert.dns.comss.one,1569:C803:866D:24AB:E722:CF60:EB26:53E1:6232:3DBF:AB40:4076:EE96:88C4:CFCE:9313,
cs-ca2,cs-ca2,Secondary Canada DNSCrypt server provided by https://cryptostorm.is/,,,,2,no,yes,no,167.114.84.132,2.dnscrypt-cert.cryptostorm.is,3133:72AD:5956:32C2:416B:872F:098F:851B:DDB9:6528:4C6C:BE9A:4F19:0964:30DB:A95A,
cs-ch,cs-ch,Switzerland DNSCrypt server provided by https://cryptostorm.is/,,,,2,no,yes,no,81.17.31.34,2.dnscrypt-cert.cryptostorm.is,3133:72AD:5956:32C2:416B:872F:098F:851B:DDB9:6528:4C6C:BE9A:4F19:0964:30DB:A95A,
cs-de,cs-de,Germany DNSCrypt server provided by https://cryptostorm.is/,,,,2,no,yes,no,84.16.240.43,2.dnscrypt-cert.cryptostorm.is,3133:72AD:5956:32C2:416B:872F:098F:851B:DDB9:6528:4C6C:BE9A:4F19:0964:30DB:A95A,
cs-fi,cs-fi,Finland DNSCrypt server provided by https://cryptostorm.is/,,,,2,no,yes,no,185.117.118.20,2.dnscrypt-cert.cryptostorm.is,3133:72AD:5956:32C2:416B:872F:098F:851B:DDB9:6528:4C6C:BE9A:4F19:0964:30DB:A95A,
cs-fr,cs-fr,France DNSCrypt server provided by https://cryptostorm.is/,,,,2,no,yes,no,212.129.46.32,2.dnscrypt-cert.cryptostorm.is,3133:72AD:5956:32C2:416B:872F:098F:851B:DDB9:6528:4C6C:BE9A:4F19:0964:30DB:A95A,
cs-it,cs-it,Italy DNSCrypt server provided by https://cryptostorm.is/,,,,2,no,yes,no,185.94.193.234,2.dnscrypt-cert.cryptostorm.is,3133:72AD:5956:32C2:416B:872F:098F:851B:DDB9:6528:4C6C:BE9A:4F19:0964:30DB:A95A,
cs-lv,cs-lv,Latvia DNSCrypt server provided by https://cryptostorm.is/,,,,2,no,yes,no,109.248.149.133,2.dnscrypt-cert.cryptostorm.is,3133:72AD:5956:32C2:416B:872F:098F:851B:DDB9:6528:4C6C:BE9A:4F19:0964:30DB:A95A,
cs-nl2,cs-nl2,Secondary Netherlands DNSCrypt server provided by https://cryptostorm.is/,,,,2,no,yes,no,185.107.80.84,2.dnscrypt-cert.cryptostorm.is,3133:72AD:5956:32C2:416B:872F:098F:851B:DDB9:6528:4C6C:BE9A:4F19:0964:30DB:A95A,
cs-ro,cs-ro,Romania DNSCrypt server provided by https://cryptostorm.is/,,,,2,no,yes,no,5.254.96.195,2.dnscrypt-cert.cryptostorm.is,3133:72AD:5956:32C2:416B:872F:098F:851B:DDB9:6528:4C6C:BE9A:4F19:0964:30DB:A95A,
cs-swe,cs-swe,Sweden DNSCrypt server provided by https://cryptostorm.is/,,,,2,no,yes,no,128.127.104.108,2.dnscrypt-cert.cryptostorm.is,3133:72AD:5956:32C2:416B:872F:098F:851B:DDB9:6528:4C6C:BE9A:4F19:0964:30DB:A95A,
cs-usga,cs-usga,US - GA DNSCrypt server provided by https://cryptostorm.is/,,,,2,no,yes,no,64.42.181.227,2.dnscrypt-cert.cryptostorm.is,3133:72AD:5956:32C2:416B:872F:098F:851B:DDB9:6528:4C6C:BE9A:4F19:0964:30DB:A95A,
cs-usil,cs-usil,US - IL DNSCrypt server provided by https://cryptostorm.is/,,,,2,no,yes,no,173.234.56.115,2.dnscrypt-cert.cryptostorm.is,3133:72AD:5956:32C2:416B:872F:098F:851B:DDB9:6528:4C6C:BE9A:4F19:0964:30DB:A95A,
cs-usnc,cs-usnc,US - NC DNSCrypt server provided by https://cryptostorm.is/,,,,2,no,yes,no,155.254.29.113,2.dnscrypt-cert.cryptostorm.is,3133:72AD:5956:32C2:416B:872F:098F:851B:DDB9:6528:4C6C:BE9A:4F19:0964:30DB:A95A,
cs-ustx,cs-ustx,US - TX DNSCrypt server provided by https://cryptostorm.is/,,,,2,no,yes,no,209.58.147.36,2.dnscrypt-cert.cryptostorm.is,3133:72AD:5956:32C2:416B:872F:098F:851B:DDB9:6528:4C6C:BE9A:4F19:0964:30DB:A95A,
d0wn-is-ns2,d0wn-is-ns2,Server provided by Martin 'd0wn' Albus,,,,2,yes,yes,no,93.95.226.165,2.dnscrypt-cert.is2.d0wn.biz,8460:34A9:C630:CA3C:04AC:4A90:1625:F17A:87B2:ACB9:4180:AC48:1E2C:10E8:CEDE:1A6F,
d0wn-tz-ns1,d0wn-tz-ns1,Server provided by Martin 'd0wn' Albus,,,,2,yes,yes,no,41.79.69.13,2.dnscrypt-cert.tz.d0wn.biz,D606:15FB:D145:3BA1:4E76:8A3E:5C5C:B3AC:1746:1331:463D:A0AF:8CF7:DF04:DA4D:756D,
d0wn-tz-ns1-ipv6,d0wn-tz-ns1-ipv6,Server provided by Martin 'd0wn' Albus,,,,2,yes,yes,no,[2c0f:fda8:5::2ed1:d2ec],2.dnscrypt-cert.tz.d0wn.biz,D606:15FB:D145:3BA1:4E76:8A3E:5C5C:B3AC:1746:1331:463D:A0AF:8CF7:DF04:DA4D:756D,
decloudus-nogoogle-tst,decloudus-nogoogle-tst,"Servers helps you deGoogle and unGoogle by completely blocking Google tracking in addition to annoying ads, online trackers, and malware. Supports DNSSEC. No Logs.",,,,2,yes,yes,no,176.9.199.158:8443,2.dnscrypt-cert.DeCloudUs-test,FBDD:87BD:5DE0:AC4B:B4DD:16EF:5F44:FEEC:E64F:B468:BF75:CB28:2E94:6566:78E0:0A2E,
decloudus-nogoogle-tstipv6,decloudus-nogoogle-tstipv6,"Servers helps you deGoogle and unGoogle by completely blocking Google tracking in addition to annoying ads, online trackers, and malware. Supports DNSSEC. No Logs. For IPv6.",,,,2,yes,yes,no,[2a01:4f8:151:11b0::3]:8443,2.dnscrypt-cert.DeCloudUs-test,FBDD:87BD:5DE0:AC4B:B4DD:16EF:5F44:FEEC:E64F:B468:BF75:CB28:2E94:6566:78E0:0A2E,
deffer-dns.au,deffer-dns.au,DNSSEC/Non-logged/Uncensored in Sydney (AWS).,,,,2,yes,yes,no,52.65.235.129,2.dnscrypt-cert.deffer-dns.au,E50D:3444:30C1:930C:777D:469A:D3F7:AD8F:3E22:1F79:4B04:EAAC:83DE:5B60:3995:D3B3,
dnscrypt-de-blahdns-ipv4,dnscrypt-de-blahdns-ipv4,"Blocks ad and Tracking, no Logging, DNSSEC, Hosted in Germany. By https://blahdns.com/",,,,2,yes,yes,no,78.46.244.143:8443,2.dnscrypt-cert.blahdns.com,5384:E814:4314:293E:56DD:1B14:0A1E:F172:AD47:BDBA:1799:C895:7294:953D:034E:B5C7,
dnscrypt-de-blahdns-ipv6,dnscrypt-de-blahdns-ipv6,"Blocks ad and Tracking, no Logging, DNSSEC, Hosted in Germany. By https://blahdns.com/",,,,2,yes,yes,no,[2a01:4f8:c17:ec67::1]:8443,2.dnscrypt-cert.blahdns.com,5384:E814:4314:293E:56DD:1B14:0A1E:F172:AD47:BDBA:1799:C895:7294:953D:034E:B5C7,
dnscrypt-fi-blahdns-ipv4,dnscrypt-fi-blahdns-ipv4,"Blocks ad and Tracking, no Logging, DNSSEC, Hosted in Finland. By https://blahdns.com/",,,,2,yes,yes,no,95.216.212.177:8443,2.dnscrypt-cert.blahdns.com,5384:E814:4314:293E:56DD:1B14:0A1E:F172:AD47:BDBA:1799:C895:7294:953D:034E:B5C7,
dnscrypt-fi-blahdns-ipv6,dnscrypt-fi-blahdns-ipv6,"Blocks ad and Tracking, no Logging, DNSSEC, Hosted in Finland. By https://blahdns.com/",,,,2,yes,yes,no,[2a01:4f9:c010:43ce::1]:8443,2.dnscrypt-cert.blahdns.com,5384:E814:4314:293E:56DD:1B14:0A1E:F172:AD47:BDBA:1799:C895:7294:953D:034E:B5C7,
dnscrypt-jp-blahdns-ipv4,dnscrypt-jp-blahdns-ipv4,"Blocks ad and Tracking, no Logging, DNSSEC, Hosted in Japan. By https://blahdns.com/",,,,2,yes,yes,no,45.32.55.94:8443,2.dnscrypt-cert.blahdns.com,5384:E814:4314:293E:56DD:1B14:0A1E:F172:AD47:BDBA:1799:C895:7294:953D:034E:B5C7,
dnscrypt-sg-blahdns-ipv4,dnscrypt-sg-blahdns-ipv4,"Blocks ad and Tracking, no Logging, DNSSEC, Hosted in Singapore. By https://blahdns.com/",,,,2,yes,yes,no,139.180.141.57:8443,2.dnscrypt-cert.blahdns.com,5384:E814:4314:293E:56DD:1B14:0A1E:F172:AD47:BDBA:1799:C895:7294:953D:034E:B5C7,
dnscrypt.be,dnscrypt.be,"Resolver in Leuven, Belgium (UCLL Campus Proximus). Non-logging/DNSSEC/Uncensored. https://dnscrypt.be",,,,2,yes,yes,no,193.191.187.107,2.dnscrypt-cert.dnscrypt.be,335A:65CE:4FF2:3C93:604A:273C:4827:F898:A174:5045:6711:D10D:4517:2AC9:5ADB:E883,
dnscrypt.ca-1,dnscrypt.ca-1,"Free, Canadian, uncensored, no-logs, encrypted, and DNSSEC validated",,,,2,yes,yes,no,167.114.220.125,2.dnscrypt-cert.dnscrypt.ca-1,1A53:A3C9:5078:9CBD:D10B:1933:A468:9B6C:846A:40F1:B73D:1752:AECA:C982:9ECB:7CE2,
dnscrypt.ca-1-ipv6,dnscrypt.ca-1-ipv6,"Free, Canadian, uncensored, no-logs, encrypted, and DNSSEC validated",,,,2,yes,yes,no,[2607:5300:61:95f:7283:11d9:0f86:e689],2.dnscrypt-cert.dnscrypt.ca-1-ipv6,20D9:19D4:EC3C:5008:CDC7:0A51:EA2B:4FCB:FE8A:993C:6431:D0EC:681D:5EA7:3845:AB80,
dnscrypt.ca-2,dnscrypt.ca-2,"Free, Canadian, uncensored, no-logs, encrypted, and DNSSEC validated",,,,2,yes,yes,no,149.56.228.45,2.dnscrypt-cert.dnscrypt.ca-2,0108:54AB:3B56:A7EE:F9D3:9158:FEF6:820B:FF93:A235:7C89:1608:DB9E:15D3:BBE0:1185,
dnscrypt.ca-2-ipv6,dnscrypt.ca-2-ipv6,"Free, Canadian, uncensored, no-logs, encrypted, and DNSSEC validated",,,,2,yes,yes,no,[2607:5300:60:652f::200],2.dnscrypt-cert.dnscrypt.ca-2-ipv6,987C:70A8:97DB:DA15:1A34:AD4B:55EA:800E:F561:CC04:AAD5:C57D:D2C3:D861:FC17:F429,
dnscrypt.eu-dk,dnscrypt.eu-dk,"Free, non-logged, uncensored. Hosted by Netgroup.",,,,2,yes,yes,no,77.66.84.233,2.dnscrypt-cert.resolver2.dnscrypt.eu,3748:5585:E3B9:D088:FD25:AD36:B037:01F5:520C:D648:9E9A:DD52:1457:4955:9F0A:9955,
dnscrypt.eu-dk-ipv6,dnscrypt.eu-dk-ipv6,"Free, non-logged, uncensored. Hosted by Netgroup.",,,,2,yes,yes,no,[2001:1448:243::dc2],2.dnscrypt-cert.resolver2.dnscrypt.eu,3748:5585:E3B9:D088:FD25:AD36:B037:01F5:520C:D648:9E9A:DD52:1457:4955:9F0A:9955,
dnscrypt.eu-nl,dnscrypt.eu-nl,"Free, non-logged, uncensored. Hosted by RamNode.",,,,2,yes,yes,no,176.56.237.171,2.dnscrypt-cert.resolver1.dnscrypt.eu,67C0:0F2C:21C5:5481:45DD:7CB4:6A27:1AF2:EB96:9931:40A3:09B6:2B8D:1653:1185:9C66,
dnscrypt.eu-nl-ipv6,dnscrypt.eu-nl-ipv6,"Free, non-logged, uncensored. Hosted by RamNode.",,,,2,yes,yes,no,[2a00:d880:3:1::a6c1:2e89],2.dnscrypt-cert.resolver1.dnscrypt.eu,67C0:0F2C:21C5:5481:45DD:7CB4:6A27:1AF2:EB96:9931:40A3:09B6:2B8D:1653:1185:9C66,
dnscrypt.one,dnscrypt.one,"Non-logging, non-censoring, DNSSEC-capable DNSCrypt resolver hosted in Germany (Nuremberg), https://dnscrypt.one",,,,2,yes,yes,no,161.97.101.51,2.dnscrypt-cert.dnscrypt.one,0A32:BA32:CC51:56DE:9D34:1C8D:7209:9CBA:D1AF:756E:F5C9:A615:9D49:5133:80CD:EA1E,
dnscrypt.pl,dnscrypt.pl,Free | No filtering | Zero logs | DNSSEC | Poland | https://dnscrypt.pl/ | @dnscryptpl,,,,2,yes,yes,no,178.216.201.128:2053,2.dnscrypt-cert.dnscrypt.pl,7F61:7CB8:1EA5:53D2:34C4:9BC2:79C7:4F7B:5498:050D:1DBF:111A:FEE6:9963:C647:A169,
dnscrypt.pl-guardian,dnscrypt.pl-guardian,Free | Malware and phishing filtering | Zero logs | DNSSEC | Poland | https://dnscrypt.pl/ | @dnscryptpl,,,,2,yes,yes,no,178.216.201.128:2054,2.dnscrypt-cert.dnscrypt.pl,7F61:7CB8:1EA5:53D2:34C4:9BC2:79C7:4F7B:5498:050D:1DBF:111A:FEE6:9963:C647:A169,
dnscrypt.uk-ipv4,dnscrypt.uk-ipv4,"DNSCrypt, no logs, uncensored, DNSSEC. Hosted in London UK on Digital Ocean",,,,2,yes,yes,no,165.232.32.95,2.dnscrypt-cert.dnscrypt.uk,01D3:0EE8:0E20:4DDA:1871:D3A1:0F28:5154:6765:BF14:B4DA:4404:A4FF:046D:7DA9:683C,
dnscrypt.uk-ipv6,dnscrypt.uk-ipv6,"DNSCrypt, no logs, uncensored, DNSSEC. Hosted in London UK on Digital Ocean",,,,2,yes,yes,no,[2a03:b0c0:1:e0::487:1001],2.dnscrypt-cert.dnscrypt.uk,01D3:0EE8:0E20:4DDA:1871:D3A1:0F28:5154:6765:BF14:B4DA:4404:A4FF:046D:7DA9:683C,
dnsforfamily,dnsforfamily,"(DNSCrypt Protocol) Block adult websites, gambling websites, malwares and advertisements.",,,,2,no,yes,no,78.47.64.161,dnsforfamily.com,1325:E2CE:0015:CD49:8712:248A:2A47:9FE2:518C:FCED:8E0E:79C3:0B07:CE1A:1002:8FAD,
dnsforfamily-no-safe-search,dnsforfamily-no-safe-search,"(DNSCrypt Protocol) Block adult websites, gambling websites, malwares and advertisements.",,,,2,no,yes,no,135.181.193.222,dnsforfamily.com,4714:AAD6:97F4:B0CF:077C:31CC:1AF1:985D:2C61:600B:DE12:A4AA:3F83:9EDE:FF8F:43B6,
dnsforfamily-v6,dnsforfamily-v6,"(DNSCrypt Protocol) Block adult websites, gambling websites, malwares and advertisements.",,,,2,no,yes,no,[2a01:4f8:1c17:4df8::1],dnsforfamily.com,6378:0AB4:98E1:F6F6:84AF:2FA0:524B:DC62:A233:BC50:3709:0A18:7E1B:D24E:CB98:C3F1,
east.comss.one,east.comss.one,"DNS with adblock filters and antiphishing, gaining popularity among russian-speaking users.",,,,2,yes,yes,no,91.230.211.67:5443,2.dnscrypt-cert.dns.east.comss.one,1569:C803:866D:24AB:E722:CF60:EB26:53E1:6232:3DBF:AB40:4076:EE96:88C4:CFCE:9313,
ev-canada,ev-canada,"Non-logging, uncensored DNS resolver provided by evilvibes.com",,,,2,yes,yes,no,104.36.148.192,2.dnscrypt-cert.ev-canada.evilvibes.com,255F:A039:1681:F28F:9DD0:00BD:6D64:7B90:9922:5B15:8FDD:AEEA:A6C1:1C70:995A:01BD,
faelix-ch-ipv4,faelix-ch-ipv4,"An open (non-logging, non-filtering, no ECS) DNSCrypt resolver operated by https://faelix.net/ with IPv4 nodes anycast within AS41495 in Switzerland.",,,,2,yes,yes,no,185.134.196.54:8443,2.dnscrypt-cert.rdns.faelix.net,7ECB:EF3E:2F01:8032:8D60:E0E1:D1EC:23E4:E877:D8EA:09A1:9370:1A04:D6B3:C0BE:8BE1,
faelix-ch-ipv6,faelix-ch-ipv6,"An open (non-logging, non-filtering, no ECS) DNSCrypt resolver operated by https://faelix.net/ with IPv6 nodes anycast within AS41495 in Switzerland.",,,,2,yes,yes,no,[2a01:9e01::54]:8443,2.dnscrypt-cert.rdns.faelix.net,7ECB:EF3E:2F01:8032:8D60:E0E1:D1EC:23E4:E877:D8EA:09A1:9370:1A04:D6B3:C0BE:8BE1,
faelix-uk-ipv4,faelix-uk-ipv4,"An open (non-logging, non-filtering, no ECS) DNSCrypt resolver operated by https://faelix.net/ with IPv4 nodes anycast within AS41495 in the UK.",,,,2,yes,yes,no,46.227.200.54:8443,2.dnscrypt-cert.rdns.faelix.net,7ECB:EF3E:2F01:8032:8D60:E0E1:D1EC:23E4:E877:D8EA:09A1:9370:1A04:D6B3:C0BE:8BE1,
faelix-uk-ipv6,faelix-uk-ipv6,"An open (non-logging, non-filtering, no ECS) DNSCrypt resolver operated by https://faelix.net/ with IPv6 nodes anycast within AS41495 in the UK.",,,,2,yes,yes,no,[2a01:9e00::54]:8443,2.dnscrypt-cert.rdns.faelix.net,7ECB:EF3E:2F01:8032:8D60:E0E1:D1EC:23E4:E877:D8EA:09A1:9370:1A04:D6B3:C0BE:8BE1,
ffmuc.net,ffmuc.net,"An open (non-logging, non-filtering, non-censoring) DNSCrypt resolver operated by Freifunk Munich with nodes in DE.",,,,2,yes,yes,no,5.1.66.255:8443,2.dnscrypt-cert.ffmuc.net,07D0:7AF1:CFDC:5D99:769D:3F02:6690:A704:4965:C274:276C:791C:AEF5:AEF3:B90C:46FA,
ffmuc.net-v6,ffmuc.net-v6,"An open (non-logging, non-filtering, non-censoring) DNSCrypt resolver operated by Freifunk Munich with nodes in DE.",,,,2,yes,yes,no,[2001:678:e68:f000::]:8443,2.dnscrypt-cert.ffmuc.net,07D0:7AF1:CFDC:5D99:769D:3F02:6690:A704:4965:C274:276C:791C:AEF5:AEF3:B90C:46FA,
freetsa.org-ipv6,freetsa.org-ipv6,Non-logged/Uncensored provided by www.freetsa.org. Support for DNS and DNS-over-TLS (DoT),,,,2,yes,yes,no,[2607:f130:0:f8::3085:e961]:553,2.dnscrypt-cert.freetsa.org,D8FF:BB42:E031:BE7A:7973:0B45:568D:496A:4E8A:CB59:AA83:66FD:6AB9:1E27:2A7D:16E4,
id-gmail,id-gmail,Non-Logging DNSCrypt server located in Singapore.,,,,2,yes,yes,no,174.138.21.128,2.dnscrypt-cert.dns.tiar.app,EF96:8066:E8D9:94F0:65D8:3EDD:D31A:EEED:F56D:8657:463E:4ACA:47CD:D7FE:97C3:D4F6,
id-gmail-ipv6,id-gmail-ipv6,Non-Logging DNSCrypt (IPv6) server located in Singapore.,,,,2,yes,yes,no,[2400:6180:0:d0::5f6e:4001],2.dnscrypt-cert.dns.tiar.app,EF96:8066:E8D9:94F0:65D8:3EDD:D31A:EEED:F56D:8657:463E:4ACA:47CD:D7FE:97C3:D4F6,
jitender,jitender,"DNSCrypt resolver in Hyderabad, India, Oracle Cloud",,,,2,yes,yes,no,152.67.165.26,2.dnscrypt-cert.jit.ddns.net,0506:E6CA:3825:E6FC:B334:27BB:B3A5:9725:C93D:6594:78DB:9F8D:CC30:0FEB:75E2:8F90,
jp.tiar.app,jp.tiar.app,"Non-Logging, Non-Filtering DNSCrypt server in Japan.",,,,2,yes,yes,no,172.104.93.80:1443,2.dnscrypt-cert.jp.tiar.app,32B8:763E:F1BF:6536:A1DE:6A13:C0CD:6F48:A179:E388:B699:A537:8D6D:5B3C:4CDF:5453,
jp.tiar.app-ipv6,jp.tiar.app-ipv6,"Non-Logging, Non-Filtering DNSCrypt (IPv6) server in Japan.",,,,2,yes,yes,no,[2400:8902::f03c:91ff:feda:c514]:1443,2.dnscrypt-cert.jp.tiar.app,32B8:763E:F1BF:6536:A1DE:6A13:C0CD:6F48:A179:E388:B699:A537:8D6D:5B3C:4CDF:5453,
meganerd,meganerd,DNSCrypt server by MegaNerd.nl (IPv4) - https://meganerd.nl/encrypted-dns-server,,,,2,yes,yes,no,136.244.97.114,2.dnscrypt-cert.meganerd,FCAA:DC70:4E5E:E360:BBA1:4EE2:953B:D528:BA09:357A:90F0:FCE4:D03A:0138:6BFF:AB62,
meganerd-ipv6,meganerd-ipv6,DNSCrypt server by MegaNerd.nl (IPv6) - https://meganerd.nl/encrypted-dns-server,,,,2,yes,yes,no,[2001:19f0:5001:cbb:5400:3ff:fe07:f70d],2.dnscrypt-cert.meganerd,FCAA:DC70:4E5E:E360:BBA1:4EE2:953B:D528:BA09:357A:90F0:FCE4:D03A:0138:6BFF:AB62,
moulticast-ca-ipv4,moulticast-ca-ipv4,Public | Non-filtering | Non-logging | DNSSEC aware | Hosted in Canada | Operated by @herver (Github) | https://moulticast.net/dnscrypt/,,,,2,yes,yes,no,149.56.14.159,2.dnscrypt-cert.moulticast-ca,82A5:4D42:BB30:CE80:9CFB:DDE1:767A:2623:4530:9580:B7AB:CD25:47DF:BBF4:C102:DF15,
moulticast-ca-ipv6,moulticast-ca-ipv6,Public | Non-filtering | Non-logging | DNSSEC aware | Hosted in Canada | Operated by @herver (Github) | https://moulticast.net/dnscrypt/,,,,2,yes,yes,no,[2607:5300:201:3100::3dfb],2.dnscrypt-cert.moulticast-ca,82A5:4D42:BB30:CE80:9CFB:DDE1:767A:2623:4530:9580:B7AB:CD25:47DF:BBF4:C102:DF15,
moulticast-de-ipv4,moulticast-de-ipv4,Public | Non-filtering | Non-logging | DNSSEC aware | Hosted in Germany | Operated by @herver (Github) | https://moulticast.net/dnscrypt/,,,,2,yes,yes,no,51.195.117.26,2.dnscrypt-cert.moulticast-de,2343:76CB:DF97:ABFF:B955:B178:DEBC:45EA:ED74:455E:4BA6:1069:45A4:D135:9B80:3A70,
moulticast-fr-ipv4,moulticast-fr-ipv4,Public | Non-filtering | Non-logging | DNSSEC aware | Hosted in France | Operated by @herver (Github) | https://moulticast.net/dnscrypt/,,,,2,yes,yes,no,193.200.43.25,2.dnscrypt-cert.moulticast-fr,75A8:4407:12D5:32EC:033D:EB95:9496:CE16:BAC3:CA91:DDAC:0972:226E:C5AC:380F:C8C8,
moulticast-ipv6,moulticast-ipv6,Public | Non-filtering | Non-logging | DNSSEC aware | Anycast | Operated by @herver (Github) | https://moulticast.net/dnscrypt/,,,,2,yes,yes,no,[2001:678:d08:ff::54],2.dnscrypt-cert.dnscrypt.moulticast.net,3BD5:5C47:DC89:8841:D8F7:E9B1:A60B:43CD:6EDA:5627:002F:3626:2A06:AB45:1BD5:EF7C,
moulticast-sg-ipv4,moulticast-sg-ipv4,Public | Non-filtering | Non-logging | DNSSEC aware | Hosted in Singapore | Operated by @herver (Github) | https://moulticast.net/dnscrypt/,,,,2,yes,yes,no,51.79.158.183,2.dnscrypt-cert.moulticast-sg,2F87:DEDB:2411:2349:6308:C7B4:E738:5299:E286:633F:A2CC:A563:C84D:38D0:EBEA:FA05,
moulticast-sg-ipv6,moulticast-sg-ipv6,Public | Non-filtering | Non-logging | DNSSEC aware | Hosted in Singapore | Operated by @herver (Github) | https://moulticast.net/dnscrypt/,,,,2,yes,yes,no,[2402:1f00:8000:800::12ba],2.dnscrypt-cert.moulticast-sg,2F87:DEDB:2411:2349:6308:C7B4:E738:5299:E286:633F:A2CC:A563:C84D:38D0:EBEA:FA05,
moulticast-uk-ipv4,moulticast-uk-ipv4,Public | Non-filtering | Non-logging | DNSSEC aware | Hosted in UK | Operated by @herver (Github) | https://moulticast.net/dnscrypt/,,,,2,yes,yes,no,51.195.200.182,2.dnscrypt-cert.moulticast-uk,E745:7B83:8BAD:1FE4:08A0:BEF2:8986:B399:B2E6:AC48:C818:2495:D599:A125:2662:F08D,
opennic-fische,opennic-fische,OpenNIC • Non-logging • DNSSEC,,,,2,yes,yes,no,78.47.243.3:1053,2.dnscrypt-cert.ns1.fische.io,3780:806D:40D1:F9BD:EE24:9315:CDF0:9D2F:D8AF:555E:ECF3:0461:89F2:D13D:605F:4A64,
opennic-luggs,opennic-luggs,Public DNS server in Canada operated by Luggs,,,,2,no,yes,no,142.4.204.111,2.dnscrypt-cert.ns3.ca.luggs.co,1C19:7933:1BE8:23CC:CF08:9A79:0693:7E5C:3410:2A56:AC7F:6270:E046:25B2:EDDB:04E3,
opennic-luggs2,opennic-luggs2,Second public DNS server in Canada operated by Luggs,,,,2,no,yes,no,142.4.205.47,2.dnscrypt-cert.ns4.ca.luggs.co,BCBF:B7E0:50C1:3DA2:422C:00B0:B1AC:9AD6:48C5:C264:BCB6:170B:883D:718A:C86E:BA09,
oszx,oszx,Secure DNS Project by PumpleX - Hosted in the UK by OVH,,,,2,no,yes,no,51.38.83.141:5353,2.dnscrypt-cert.oszx.co,CC26:F7FA:18C3:6E8F:E092:15A0:3849:FF99:050D:D371:5F59:1EE1:F133:2F55:796F:0123,
plan9-dns,plan9-dns,"Resolver in New Jersey, USA. DNSCrypt protocol. Non-logging, non-filtering, DNSSEC, anonymized.",,,,2,yes,yes,no,173.199.126.35,2.dnscrypt-cert.plan9-dns,92F0:1F7C:FCF8:6E93:0F21:24EB:25CC:986C:6EB2:CEE7:19F1:6790:7AED:9B85:4E49:CF52,
publicarray-au,publicarray-au,DNSSEC • OpenNIC • Non-logging • Uncensored - hosted on vultr.com,,,,2,yes,yes,no,45.76.113.31,2.dnscrypt-cert.dns.seby.io,0854:6878:8BA7:8A5E:A945:EA8F:4583:DD9C:803D:9670:3BCA:409E:EFFD:6AB8:5EB4:2C56,
publicarray-au2,publicarray-au2,DNSSEC • OpenNIC • Non-logging • Uncensored - hosted on ovh.com.au,,,,2,yes,yes,no,139.99.222.72:8443,2.dnscrypt-cert.dns.seby.io,87F2:AF51:05CE:9288:8EBF:B416:08BB:27E4:875D:C2DD:4683:855F:A4FD:DDD7:B295:8C34,
pwoss.org-dnscrypt,pwoss.org-dnscrypt,"No filter | No logs | DNSSEC | Nuremberg, Germany (netcup) | Maintained by https://pwoss.org/ (Dan)",,,,2,yes,yes,no,45.142.176.170:4434,2.dnscrypt-cert.pwoss.org,645F:054E:4B85:545C:3A60:FE71:F327:5E6E:74DB:F0E3:4FED:38BA:3F42:B544:4CA1:5078,
quad9-dnscrypt-ip4-filter-pri,quad9-dnscrypt-ip4-filter-pri,Quad9 (anycast) dnssec/no-log/filter 9.9.9.9 / 149.112.112.9,,,,2,yes,yes,no,9.9.9.9:8443,2.dnscrypt-cert.quad9.net,67C8:47B8:C875:8CD1:2024:5543:BE75:6746:DF34:DF1D:84C0:0B8C:4703:68DF:821D:863E,
quad9-dnscrypt-ip4-nofilter-pri,quad9-dnscrypt-ip4-nofilter-pri,Quad9 (anycast) no-dnssec/no-log/no-filter 9.9.9.10 / 149.112.112.10,,,,2,no,yes,no,9.9.9.10:8443,2.dnscrypt-cert.quad9.net,67C8:47B8:C875:8CD1:2024:5543:BE75:6746:DF34:DF1D:84C0:0B8C:4703:68DF:821D:863E,
quad9-dnscrypt-ip6-filter-pri,quad9-dnscrypt-ip6-filter-pri,Quad9 (anycast) dnssec/no-log/filter 2620:fe::fe:9 / 2620:fe::9,,,,2,yes,yes,no,[2620:fe::fe:9]:8443,2.dnscrypt-cert.quad9.net,67C8:47B8:C875:8CD1:2024:5543:BE75:6746:DF34:DF1D:84C0:0B8C:4703:68DF:821D:863E,
quad9-dnscrypt-ip6-nofilter-pri,quad9-dnscrypt-ip6-nofilter-pri,Quad9 (anycast) no-dnssec/no-log/no-filter 2620:fe::10 / 2620:fe::fe:10,,,,2,no,yes,no,[2620:fe::10]:8443,2.dnscrypt-cert.quad9.net,67C8:47B8:C875:8CD1:2024:5543:BE75:6746:DF34:DF1D:84C0:0B8C:4703:68DF:821D:863E,
safesurfer,safesurfer,"Family safety focused blocklist for over 2 million adult sites, as well as phishing and malware and more.",,,,2,yes,yes,no,104.197.28.121,2.dnscrypt-cert.safesurfer.co.nz,2720:7FD5:1204:E836:7B48:3400:5DF9:FFD1:D30B:BE2A:9C33:639E:6EDB:F8AE:D91D:40D8,
sarpel-dns-istanbul,sarpel-dns-istanbul,No-filter | No-logs | Uncensored | Hosted in Istanbul(Turkey) on Cloudeos,,,,2,yes,yes,no,185.153.249.239,2.dnscrypt-cert.185-153-249-239.inf.cloudeos.net,E45C:6BEA:70C3:BA4D:A2C9:5129:2BE3:D8C6:717B:E34F:7AB5:6728:8EF8:ECBA:B84F:B8D2,
scaleway-ams,scaleway-ams,DNSSEC/Non-logged/Uncensored in Amsterdam - DEV1-S instance donated by Scaleway.com,,,,2,yes,yes,no,51.15.122.250,2.dnscrypt-cert.scaleway-ams,E90D:D97D:AA5C:6C78:221C:A2C5:ED01:6896:2D13:CB55:6CCF:7457:B354:546F:152B:C190,
scaleway-ams-ipv6,scaleway-ams-ipv6,DNSSEC/Non-logged/Uncensored in Amsterdam - IPv6 only - DEV1-S instance donated by Scaleway.com,,,,2,yes,yes,no,[2001:bc8:1820:50d::1],2.dnscrypt-cert.scaleway-ams,E90D:D97D:AA5C:6C78:221C:A2C5:ED01:6896:2D13:CB55:6CCF:7457:B354:546F:152B:C190,
scaleway-fr,scaleway-fr,DNSSEC/Non-logged/Uncensored in Paris - DEV1-S instance donated by Scaleway.com,,,,2,yes,yes,no,212.47.228.136,2.dnscrypt-cert.fr.dnscrypt.org,E801:B84E:A606:BFB0:BAC0:CE43:445B:B15E:BA64:B02F:A3C4:AA31:AE10:636A:0790:324D,
scaleway-fr-ipv6,scaleway-fr-ipv6,DNSSEC/Non-logged/Uncensored in Paris - IPv6 only - DEV1-S instance donated by Scaleway.com,,,,2,yes,yes,no,[2001:bc8:47b0:1a01::1],2.dnscrypt-cert.fr.dnscrypt.org,E801:B84E:A606:BFB0:BAC0:CE43:445B:B15E:BA64:B02F:A3C4:AA31:AE10:636A:0790:324D,
serbica,serbica,Public DNSCrypt server in the Netherlands by https://litepay.ch,,,,2,yes,yes,no,185.66.143.178:5353,2.dnscrypt-cert.serbica,F98D:8C42:618E:5E28:2000:42AE:94DF:884C:6127:FCA8:F74C:83F5:50AD:57DB:0877:A3BC,
sfw.scaleway-fr,sfw.scaleway-fr,"Uses deep learning to block adult websites. Free, DNSSEC, no logs.",,,,2,yes,yes,no,163.172.180.125,2.dnscrypt-cert.sfw.scaleway-fr,DF62:73BF:C752:192A:8B5A:39BC:0C85:AC3F:F964:45D7:3644:F662:7282:5D35:58F1:A1FF,
sth-dnscrypt-se,sth-dnscrypt-se,"Resolver in Stockholm, Sweden. DNSCrypt server. Non-logging, non-filtering, DNSSEC.",,,,2,yes,yes,no,45.153.187.96:4343,2.dnscrypt-cert.sth-dnscrypt-se,BC13:88F5:763E:3DEC:75F1:C90F:C915:BFB6:8AEA:DFEB:1C45:F698:5180:639C:60E7:F162,
v.dnscrypt.uk-ipv4,v.dnscrypt.uk-ipv4,"DNSCrypt v2, no logs, uncensored, DNSSEC. Hosted in London UK on Vultr",,,,2,yes,yes,no,104.238.186.192,2.dnscrypt-cert.v.dnscrypt.uk,ED49:3D8C:EAD7:9066:4F06:3C47:B795:9A23:692D:7C90:363C:9E43:CCB5:917B:E5B4:1EE5,
v.dnscrypt.uk-ipv6,v.dnscrypt.uk-ipv6,"DNSCrypt v2, no logs, uncensored, DNSSEC. Hosted in London UK on Vultr",,,,2,yes,yes,no,[2001:19f0:7402:1574:5400:2ff:fe66:2cff],2.dnscrypt-cert.v.dnscrypt.uk,ED49:3D8C:EAD7:9066:4F06:3C47:B795:9A23:692D:7C90:363C:9E43:CCB5:917B:E5B4:1EE5,
ventricle.us,ventricle.us,Public DNSCrypt resolver provided by Jacob Henner,,,,2,yes,yes,no,107.170.57.34,2.dnscrypt-cert.dnscrypt.ventricle.us,E985:F118:AD4E:3CC6:5FF2:2520:1890:C6F5:58B7:5B5A:52F5:6B17:CFEA:C100:5C8B:9BAA,
yandex,yandex,Yandex public DNS server (anycast),,,,2,no,no,no,77.88.8.78:15353,2.dnscrypt-cert.browser.yandex.net,D384:C071:C9F7:4662:AF2A:CCD5:7B5D:CC97:14D4:07B6:AD36:01E1:AEDC:06D5:6D49:6327,
yepdns-dnscrypt-sg-ipv4,yepdns-dnscrypt-sg-ipv4,Filtering | DNSSEC | No-logs | Singapore | https://get.yepdns.com/,,,,2,yes,yes,no,94.237.68.80:8443,2.dnscrypt-cert.yepdns-sg,7A31:61CD:6C78:FDFC:47B6:12C4:89C4:E4EC:64A9:A256:8146:DF9D:C428:5914:CBC2:F3E3,
zackptg5-us-il-ipv4,zackptg5-us-il-ipv4,"DNSSEC/unfiltered/non-logged. Hosted on Vultr in Chicago, IL. Running the official Docker image by @zackptg5",,,,2,yes,yes,no,137.220.59.62,2.dnscrypt-cert.zackptg5-us-il,4CD3:230A:1DBB:3833:1E4F:FCD4:0D1E:3257:F2FD:8969:EA5D:3CB2:32EC:8B78:0416:D1E7,
zackptg5-us-il-ipv6,zackptg5-us-il-ipv6,"DNSSEC/unfiltered/non-logged. Hosted on Vultr in Chicago, IL. Running the official Docker image by @zackptg5",,,,2,yes,yes,no,[2001:19f0:5c01:147e:5400:3ff:fe2a:3b1f],2.dnscrypt-cert.zackptg5-us-il,4CD3:230A:1DBB:3833:1E4F:FCD4:0D1E:3257:F2FD:8969:EA5D:3CB2:32EC:8B78:0416:D1E7,
